Category,Type,N,Model_Single,Model_Multi,Rules_Only,Noisy_Multi,ProtectAI
Base64 (Standard Latin),Handled,25,25/25 (100.0%),25/25 (100.0%),0/25 (0.0%),25/25 (100.0%),9/25 (36.0%)
Hex Encoding,Handled,25,25/25 (100.0%),25/25 (100.0%),0/25 (0.0%),25/25 (100.0%),25/25 (100.0%)
Leetspeak Obfuscation,Handled,25,25/25 (100.0%),25/25 (100.0%),8/25 (32.0%),25/25 (100.0%),6/25 (24.0%)
Fullwidth / NFKC Unicode,Handled,25,25/25 (100.0%),25/25 (100.0%),8/25 (32.0%),25/25 (100.0%),0/25 (0.0%)
Zero-Width Characters,Handled,25,25/25 (100.0%),25/25 (100.0%),8/25 (32.0%),25/25 (100.0%),25/25 (100.0%)
Spaced Whitespace,Handled,25,25/25 (100.0%),25/25 (100.0%),8/25 (32.0%),25/25 (100.0%),25/25 (100.0%)
Targeted Keyword Typos,Handled,25,25/25 (100.0%),25/25 (100.0%),8/25 (32.0%),25/25 (100.0%),25/25 (100.0%)
Non-Latin Base64 (Held-Out),Held-Out,25,25/25 (100.0%),25/25 (100.0%),0/25 (0.0%),25/25 (100.0%),12/25 (48.0%)
Double Base64 (Held-Out),Held-Out,25,25/25 (100.0%),25/25 (100.0%),0/25 (0.0%),25/25 (100.0%),0/25 (0.0%)
Base32 Encoding (Held-Out),Held-Out,25,25/25 (100.0%),25/25 (100.0%),0/25 (0.0%),25/25 (100.0%),0/25 (0.0%)
URL Percent-Encoding (Held-Out),Held-Out,25,25/25 (100.0%),25/25 (100.0%),0/25 (0.0%),25/25 (100.0%),25/25 (100.0%)
HTML Entity Encoding (Held-Out),Held-Out,25,25/25 (100.0%),25/25 (100.0%),0/25 (0.0%),25/25 (100.0%),25/25 (100.0%)
ROT13 Cipher (Held-Out),Held-Out,25,25/25 (100.0%),25/25 (100.0%),0/25 (0.0%),25/25 (100.0%),0/25 (0.0%)
Reversed String (Held-Out),Held-Out,25,25/25 (100.0%),25/25 (100.0%),0/25 (0.0%),25/25 (100.0%),5/25 (20.0%)
Cyrillic Homoglyphs (Held-Out),Held-Out,25,25/25 (100.0%),25/25 (100.0%),0/25 (0.0%),25/25 (100.0%),24/25 (96.0%)
Binary ASCII (Held-Out),Held-Out,25,25/25 (100.0%),25/25 (100.0%),0/25 (0.0%),25/25 (100.0%),25/25 (100.0%)
Delimiter Splitting (Held-Out),Held-Out,25,25/25 (100.0%),25/25 (100.0%),8/25 (32.0%),25/25 (100.0%),25/25 (100.0%)
